,x_lm0,y_lm0,z_lm0,x_lm1,y_lm1,z_lm1,x_lm2,y_lm2,z_lm2,x_lm3,y_lm3,z_lm3,x_lm4,y_lm4,z_lm4,x_lm5,y_lm5,z_lm5,x_lm6,y_lm6,z_lm6,x_lm7,y_lm7,z_lm7,x_lm8,y_lm8,z_lm8,x_lm9,y_lm9,z_lm9,x_lm10,y_lm10,z_lm10,x_lm11,y_lm11,z_lm11,x_lm12,y_lm12,z_lm12,x_lm13,y_lm13,z_lm13,x_lm14,y_lm14,z_lm14,x_lm15,y_lm15,z_lm15,x_lm16,y_lm16,z_lm16,x_lm17,y_lm17,z_lm17,x_lm18,y_lm18,z_lm18,x_lm19,y_lm19,z_lm19,x_lm20,y_lm20,z_lm20
+,0.0,0.0,0.0,0.23313765,-0.053078018,-0.11026568,0.42602086,-0.15853179,-0.1894061,0.5174304,-0.24559951,-0.26878828,0.54059017,-0.31184167,-0.34608927,0.31173962,-0.37627593,-0.13405481,0.43477958,-0.49304986,-0.2704984,0.52154475,-0.53459126,-0.3629457,0.5830943,-0.55972326,-0.41790685,0.14333524,-0.38669813,-0.16066012,0.24648492,-0.49358442,-0.31349856,0.30930018,-0.48530248,-0.38698003,0.34198967,-0.4795662,-0.4157488,-0.019867808,-0.35508597,-0.20234464,0.07207124,-0.4283666,-0.3630859,0.14268017,-0.38773155,-0.3940388,0.18074776,-0.36067086,-0.38424042,-0.17264731,-0.29287934,-0.25210118,-0.11096299,-0.34295008,-0.37570798,-0.05864053,-0.32379505,-0.3892164,-0.031116685,-0.31224754,-0.376666
/,0.0,0.0,0.0,0.2520295,-0.07043029,-0.088451736,0.45928666,-0.19646837,-0.1581646,0.56184834,-0.29597467,-0.23417105,0.58753806,-0.36806157,-0.30663562,0.3021077,-0.4100197,-0.11394025,0.42555815,-0.52807695,-0.26309788,0.51263463,-0.5303494,-0.35936457,0.56367445,-0.51729447,-0.40945145,0.14579043,-0.4081252,-0.1499125,0.2912667,-0.5112597,-0.3142963,0.381091,-0.46345034,-0.38737386,0.4217586,-0.42286175,-0.411057,-0.0031261973,-0.37057394,-0.2007883,0.14530118,-0.44189546,-0.3702911,0.23675951,-0.3677443,-0.39169315,0.27349916,-0.31216508,-0.3701737,-0.14244859,-0.30720875,-0.25792366,-0.013127736,-0.3617779,-0.3823322,0.075164326,-0.32653698,-0.38813734,0.11997742,-0.29790378,-0.3672307
0,0.0,0.0,0.0,0.23796403,-0.056728356,-0.044133313,0.44050547,-0.13681108,-0.10077426,0.58850414,-0.2033268,-0.16615744,0.6997232,-0.26067924,-0.237197,0.34934622,-0.29913107,-0.10119363,0.50599664,-0.37635195,-0.22065455,0.6348254,-0.40490848,-0.30756596,0.74657273,-0.42223877,-0.36602563,0.22787072,-0.3035646,-0.14981496,0.42156318,-0.34172326,-0.29140288,0.52344966,-0.30544755,-0.35477602,0.5873447,-0.28176796,-0.38359442,0.11139866,-0.27590746,-0.20559853,0.29215866,-0.30273235,-0.34041497,0.3662305,-0.26785687,-0.34799856,0.40620267,-0.24823947,-0.3317517,0.0050237514,-0.22521886,-0.26512763,0.15481643,-0.24610195,-0.37157956,0.2313447,-0.22505434,-0.37509245,0.27852845,-0.21377032,-0.35969242
1,0.0,0.0,0.0,0.2431812,-0.054032914,-0.109086245,0.4441061,-0.16722524,-0.18861543,0.5378181,-0.2607883,-0.27053702,0.556201,-0.33102384,-0.34898537,0.32545722,-0.3957388,-0.1300208,0.4414646,-0.52029234,-0.2762664,0.5199939,-0.5421435,-0.37229472,0.56666636,-0.54955435,-0.42605376,0.15567216,-0.4050288,-0.15909661,0.27569678,-0.51526606,-0.32360154,0.35164836,-0.47981587,-0.39825436,0.3848546,-0.45094147,-0.42340255,-0.011438484,-0.37390882,-0.20420764,0.105527095,-0.44854036,-0.37556332,0.18578242,-0.38072854,-0.40004748,0.21853812,-0.3317732,-0.38110533,-0.17114565,-0.3126653,-0.25734335,-0.07791976,-0.36340156,-0.3873776,-0.0091718035,-0.32711586,-0.39666578,0.021339782,-0.29967552,-0.37786573
2,0.0,0.0,0.0,0.24247088,-0.053969383,-0.10959272,0.44026884,-0.16531293,-0.1866511,0.5269809,-0.2557914,-0.26665848,0.54080385,-0.32235622,-0.34249866,0.31319258,-0.3932689,-0.122793555,0.43324512,-0.51170135,-0.2672406,0.51272565,-0.5331859,-0.36213842,0.56267697,-0.5423206,-0.41435155,0.14033704,-0.40262482,-0.1513611,0.24562655,-0.5179901,-0.3124261,0.31755474,-0.50066113,-0.38960537,0.3531283,-0.48583573,-0.4169498,-0.026666114,-0.3708605,-0.1962171,0.082209714,-0.4422681,-0.36961964,0.16729751,-0.37134025,-0.39761224,0.20769735,-0.3186068,-0.37826735,-0.1827166,-0.30856383,-0.24901457,-0.09101362,-0.35605857,-0.38032857,-0.014495063,-0.31855053,-0.39037436,0.026173284,-0.28948304,-0.37045118
3,0.0,0.0,0.0,0.24448462,-0.04786098,-0.11307732,0.44970906,-0.15544026,-0.19182122,0.5525801,-0.24419995,-0.2722651,0.5862291,-0.30955005,-0.34933013,0.33163294,-0.3798305,-0.13220027,0.44637203,-0.5017248,-0.27508977,0.52184135,-0.52730775,-0.36919317,0.5689774,-0.53886503,-0.42216945,0.16263565,-0.39167303,-0.15912072,0.26234722,-0.512037,-0.3200426,0.33058554,-0.49896693,-0.39914286,0.36437073,-0.48558825,-0.42924717,-0.0031534636,-0.36332798,-0.20171572,0.09136174,-0.4417714,-0.37553653,0.16929814,-0.3723238,-0.40665957,0.2081082,-0.31817982,-0.39058852,-0.16085942,-0.30454245,-0.25217366,-0.08635818,-0.35528842,-0.38608506,-0.021428887,-0.31680876,-0.3994058,0.012501114,-0.28507826,-0.38261524
4,0.0,0.0,0.0,0.23662917,-0.04859311,-0.109097905,0.42952958,-0.15489736,-0.18686289,0.51736104,-0.24468069,-0.26543337,0.5318773,-0.3112128,-0.34222165,0.32595307,-0.37061682,-0.13286835,0.44223103,-0.49717566,-0.27044642,0.5266882,-0.53007996,-0.36407605,0.5835976,-0.5460004,-0.41883472,0.16463579,-0.3832815,-0.16036735,0.26882905,-0.51320845,-0.3107652,0.34965485,-0.5145634,-0.39084727,0.3963796,-0.5106705,-0.4261778,0.003174439,-0.3574504,-0.20300071,0.091562994,-0.4592058,-0.3602755,0.17184474,-0.43069014,-0.401868,0.21676381,-0.4069421,-0.40172675,-0.15344149,-0.3018503,-0.25331485,-0.09731155,-0.3748245,-0.37746468,-0.04098357,-0.36696908,-0.39970708,-0.008822048,-0.35893574,-0.39515162
5,0.0,0.0,0.0,0.24106881,-0.047742948,-0.114294805,0.44285953,-0.15347628,-0.19414188,0.5442022,-0.24032548,-0.27392426,0.57928294,-0.30340225,-0.35110602,0.32539022,-0.37470332,-0.1411073,0.44234577,-0.4958608,-0.2839359,0.52003425,-0.51899564,-0.37834033,0.56806564,-0.5282805,-0.43190107,0.15681674,-0.38607976,-0.16652268,0.2612614,-0.506969,-0.32173306,0.33101937,-0.49441174,-0.39868554,0.36458448,-0.4827071,-0.43004066,-0.009057683,-0.35749298,-0.20744067,0.07999305,-0.4474363,-0.36981216,0.14702463,-0.40515122,-0.4044503,0.17725259,-0.3750662,-0.39747766,-0.16720982,-0.29876083,-0.25635397,-0.1048382,-0.35945696,-0.38247865,-0.052840564,-0.33847627,-0.39872193,-0.028979806,-0.32323968,-0.38815397
6,0.0,0.0,0.0,0.23999138,-0.05048632,-0.10856906,0.43674216,-0.15901233,-0.1858816,0.528745,-0.24672224,-0.26485083,0.5494082,-0.31347322,-0.3413541,0.319444,-0.38576695,-0.12951645,0.4385316,-0.50846845,-0.26932415,0.51911896,-0.53430766,-0.36324707,0.5712753,-0.54604244,-0.41720644,0.15122092,-0.39574772,-0.15876535,0.2554665,-0.5198297,-0.31150678,0.3296397,-0.51234317,-0.38948452,0.37005684,-0.50403106,-0.4220123,-0.012554195,-0.36510095,-0.20358433,0.086704545,-0.45575446,-0.36827618,0.16952394,-0.41175485,-0.4062678,0.2131407,-0.37851387,-0.40090734,-0.16687325,-0.30382776,-0.25584936,-0.080362216,-0.36243036,-0.38644227,-0.0058269803,-0.33626682,-0.40494725,0.036578245,-0.3143089,-0.3952837
7,0.0,0.0,0.0,0.23935676,-0.055168346,-0.11317764,0.43243617,-0.1665188,-0.19300142,0.5216801,-0.25736707,-0.2744007,0.5384751,-0.3245006,-0.35240075,0.30766612,-0.392976,-0.12825568,0.42468545,-0.51945156,-0.26781684,0.50838655,-0.54833955,-0.36177233,0.5617164,-0.5610657,-0.41518113,0.14172725,-0.40171343,-0.15475006,0.24310723,-0.52854025,-0.30858833,0.31967887,-0.52056605,-0.38676527,0.3590032,-0.5104883,-0.41865608,-0.020017695,-0.37105545,-0.1975319,0.077897996,-0.46187523,-0.36089814,0.16485077,-0.40775323,-0.39454457,0.20905755,-0.36443344,-0.38449073,-0.17392372,-0.31087953,-0.2487769,-0.11115999,-0.37770808,-0.37367296,-0.05633538,-0.36184,-0.38992107,-0.030760068,-0.34905875,-0.37901038
8,0.0,0.0,0.0,0.2403865,-0.05113772,-0.11165681,0.43930385,-0.16008206,-0.19026639,0.537536,-0.24925958,-0.2700163,0.5728191,-0.31730175,-0.34666768,0.32340622,-0.38284397,-0.123960264,0.4371754,-0.50952697,-0.26106057,0.5201372,-0.53731203,-0.35484523,0.57444274,-0.547409,-0.40916604,0.15830569,-0.3940553,-0.1507707,0.2654675,-0.5195487,-0.3052177,0.3502761,-0.5061082,-0.38590077,0.39861566,-0.48663557,-0.4186335,-0.007166016,-0.36755502,-0.19412935,0.08486383,-0.46751383,-0.35299453,0.16908693,-0.43310368,-0.393554,0.21638815,-0.40319327,-0.39129847,-0.1673921,-0.31082833,-0.24569407,-0.112902015,-0.38266692,-0.36904863,-0.05786316,-0.3738416,-0.39051726,-0.027554363,-0.36536214,-0.38501474
9,0.0,0.0,0.0,0.24299046,-0.050164852,-0.10920596,0.44423866,-0.15407443,-0.18908945,0.54561865,-0.23914525,-0.2704254,0.5746668,-0.30200523,-0.34860736,0.32282645,-0.37792885,-0.12908876,0.44432968,-0.49324793,-0.2726673,0.52772546,-0.5059973,-0.37057796,0.5799464,-0.5039491,-0.4252953,0.15688664,-0.39014775,-0.15622894,0.2630468,-0.5106383,-0.3052517,0.33884206,-0.5014887,-0.38209194,0.3795011,-0.49177825,-0.41500944,-0.008251996,-0.36244878,-0.19975427,0.081057906,-0.45621797,-0.35363373,0.15652351,-0.42191207,-0.38986373,0.1962418,-0.39610586,-0.38648748,-0.16740139,-0.3038925,-0.25145745,-0.11108752,-0.36923227,-0.36986485,-0.056341946,-0.35558203,-0.38572285,-0.026821181,-0.34490573,-0.37668934
?,0.0,0.0,0.0,0.25256813,-0.0103176255,-0.06711743,0.4996218,-0.0647931,-0.14914598,0.6649331,-0.10620469,-0.24429303,0.7713958,-0.15102258,-0.33828646,0.4714575,-0.33231837,-0.120656654,0.648946,-0.38911068,-0.29603437,0.7649431,-0.31456333,-0.40495703,0.8222623,-0.227524,-0.45619804,0.3179181,-0.36387253,-0.16934705,0.51558524,-0.4134208,-0.34591395,0.6436354,-0.30380446,-0.42056972,0.690369,-0.20079474,-0.44343776,0.15301332,-0.34639084,-0.2325769,0.3194164,-0.3730144,-0.4157143,0.46870518,-0.25091097,-0.45042863,0.5371951,-0.14837733,-0.436344,-0.009174801,-0.28681445,-0.29792637,0.13114217,-0.26940042,-0.4464863,0.2824744,-0.18154918,-0.47128177,0.37163427,-0.10231535,-0.45844007
@,0.0,0.0,0.0,0.29171064,-0.046487186,-0.11181606,0.5333142,-0.1835326,-0.17569245,0.65406716,-0.302806,-0.24619664,0.6869674,-0.39496765,-0.30878404,0.41188255,-0.40333012,-0.08372514,0.5238284,-0.50309956,-0.26184493,0.575599,-0.43253958,-0.37466457,0.5948831,-0.3533635,-0.42106813,0.2174661,-0.42327648,-0.10274817,0.34081426,-0.5092691,-0.3027868,0.4058301,-0.3734794,-0.3817706,0.42965567,-0.26351288,-0.39080167,0.014546468,-0.4116676,-0.14565568,0.12358414,-0.49438137,-0.34453675,0.20490429,-0.35548043,-0.35775742,0.23544498,-0.24578105,-0.31336325,-0.19415133,-0.37477663,-0.19632348,-0.10837751,-0.4581936,-0.3337679,-0.023074936,-0.39394712,-0.33279604,0.020669067,-0.33634436,-0.29718414
A,0.0,0.0,0.0,0.26740602,-0.06289005,-0.09656743,0.48588255,-0.1923077,-0.16505574,0.59114105,-0.29818332,-0.23942989,0.6305259,-0.37767017,-0.3071989,0.34455663,-0.41435456,-0.100074165,0.47942647,-0.51896375,-0.25882417,0.55111796,-0.49089628,-0.35860696,0.58390313,-0.45483643,-0.4069233,0.17048745,-0.42168477,-0.1320797,0.33245763,-0.51130134,-0.307417,0.40907001,-0.42850283,-0.37775707,0.43324196,-0.36381167,-0.39222273,-0.0023202978,-0.39198506,-0.18258043,0.15852037,-0.45182636,-0.3625465,0.23418203,-0.34703743,-0.37458315,0.25295082,-0.27264172,-0.34023038,-0.17019509,-0.33447945,-0.24026208,-0.033278715,-0.37663895,-0.37114072,0.044206984,-0.3159938,-0.3707919,0.07229965,-0.27073377,-0.3403764
B,0.0,0.0,0.0,0.25954902,-0.06333078,-0.09568437,0.47242218,-0.18963747,-0.16551581,0.5609573,-0.29422772,-0.24154517,0.5610814,-0.36737475,-0.31284484,0.3309864,-0.4146618,-0.1028085,0.4477059,-0.5375392,-0.25195807,0.5284063,-0.5345485,-0.3495971,0.57137436,-0.5146014,-0.39882684,0.16427718,-0.42074624,-0.1352644,0.3000725,-0.53265077,-0.29659286,0.38727012,-0.4856927,-0.37128136,0.4248443,-0.4425509,-0.3949045,-0.0017004344,-0.39086917,-0.1846541,0.13485923,-0.47021353,-0.35193726,0.22159028,-0.39369103,-0.3755525,0.254814,-0.3335714,-0.35429084,-0.16471653,-0.33393946,-0.24127276,-0.049506087,-0.3968712,-0.36328587,0.034614474,-0.36235714,-0.36908177,0.07657297,-0.33195013,-0.34733865
C,0.0,0.0,0.0,0.2662053,-0.060418222,-0.08785269,0.4900893,-0.18385956,-0.15466866,0.6009215,-0.2816259,-0.2294936,0.63789546,-0.3525354,-0.29919997,0.34398025,-0.41364154,-0.0868105,0.476118,-0.528282,-0.23439342,0.5681267,-0.51383007,-0.33107138,0.61910874,-0.4851863,-0.37964833,0.18215139,-0.41893324,-0.122051515,0.3404801,-0.52477777,-0.2820382,0.43806306,-0.4653272,-0.35473338,0.48115385,-0.41272444,-0.37595043,0.021837996,-0.3887295,-0.17473666,0.18435085,-0.46708095,-0.34081942,0.28136352,-0.38277215,-0.36157396,0.31975123,-0.31750253,-0.33810627,-0.13477904,-0.33105484,-0.23415133,0.007895824,-0.38802874,-0.35725898,0.10034142,-0.3449369,-0.36300576,0.14486668,-0.30856577,-0.34060487
D,0.0,0.0,0.0,0.2596117,-0.058699723,-0.09875646,0.47709692,-0.18057533,-0.17331934,0.57376826,-0.27814266,-0.25353286,0.58024085,-0.3472384,-0.32832414,0.3320738,-0.41132978,-0.111133516,0.44938636,-0.523974,-0.26742026,0.53095186,-0.51348966,-0.3681245,0.57573265,-0.4900809,-0.41942182,0.16449495,-0.41483548,-0.14458667,0.3082633,-0.51239514,-0.31827947,0.40277293,-0.44344988,-0.39312047,0.4432138,-0.38411096,-0.41270238,-0.0012731664,-0.38072157,-0.19514555,0.14770508,-0.4442286,-0.37450355,0.24700572,-0.34748763,-0.39317986,0.28613204,-0.27415082,-0.36463797,-0.16115505,-0.3183404,-0.2528767,-0.026999373,-0.36193895,-0.3844265,0.06820565,-0.30833122,-0.38827085,0.11425351,-0.2644942,-0.362268
E,0.0,0.0,0.0,0.2560405,-0.05642053,-0.10724932,0.4704136,-0.17822242,-0.18650375,0.5524283,-0.2769431,-0.2711146,0.5242622,-0.33819485,-0.35026067,0.32545656,-0.41922635,-0.11207771,0.4228688,-0.5405941,-0.27170625,0.5016759,-0.52759904,-0.37931594,0.5418981,-0.49413177,-0.43477082,0.15232228,-0.42536506,-0.14258438,0.26360193,-0.54380465,-0.31106317,0.35502607,-0.48511234,-0.38948554,0.3946765,-0.42660353,-0.41442055,-0.018170254,-0.394005,-0.19157699,0.090248816,-0.48264584,-0.36136955,0.1863417,-0.39410874,-0.3818947,0.2260254,-0.31862372,-0.3581179,-0.18358214,-0.33361486,-0.24957639,-0.08620868,-0.3961626,-0.37318054,0.0056727985,-0.34809113,-0.37663144,0.053787705,-0.30097994,-0.3528997
F,0.0,0.0,0.0,0.2560747,-0.05552469,-0.09216649,0.4731227,-0.17290285,-0.15731424,0.5704147,-0.2694748,-0.22779648,0.5913439,-0.33816373,-0.2934409,0.35979745,-0.3864386,-0.095921725,0.48541218,-0.49997982,-0.23765562,0.5661025,-0.4897528,-0.33004847,0.6109567,-0.46619084,-0.3763181,0.19736889,-0.39724067,-0.12614122,0.33530423,-0.5070142,-0.27940947,0.41881543,-0.4577947,-0.34977707,0.4582681,-0.4153777,-0.3712255,0.03248928,-0.3729386,-0.17278545,0.16335954,-0.45730683,-0.33328056,0.24567409,-0.38547602,-0.356381,0.28103244,-0.32974076,-0.3364981,-0.13306732,-0.32078364,-0.22605997,-0.023655115,-0.38281602,-0.34609157,0.05194995,-0.34534025,-0.3517694,0.088461265,-0.3129428,-0.33051273
G,0.0,0.0,0.0,0.24697685,-0.07757608,-0.08800669,0.45685348,-0.20960149,-0.1602288,0.5617978,-0.31145483,-0.23746136,0.5836982,-0.38303703,-0.3086642,0.29648194,-0.41443115,-0.11965115,0.44443205,-0.52187675,-0.26829487,0.5478827,-0.50821453,-0.36023432,0.608044,-0.48427945,-0.40705353,0.14097051,-0.4041483,-0.15517014,0.3179896,-0.502616,-0.31538022,0.40379724,-0.44658947,-0.37717587,0.4298214,-0.40406963,-0.3935192,-0.006095271,-0.35879022,-0.20526613,0.17386635,-0.4283739,-0.36972803,0.26023814,-0.34466353,-0.3757382,0.28080866,-0.28510046,-0.3447196,-0.14428835,-0.28884822,-0.26164728,0.013141178,-0.3422796,-0.37933782,0.09674852,-0.29843542,-0.37280974,0.12436677,-0.26323968,-0.34370264
H,0.0,0.0,0.0,0.22735345,-0.06831079,-0.078634046,0.4322839,-0.17965944,-0.14677052,0.53917444,-0.26309568,-0.21969652,0.5714494,-0.32165822,-0.28867322,0.31845117,-0.37049994,-0.12269593,0.4634785,-0.46305862,-0.2661018,0.5539709,-0.45694533,-0.3567354,0.6093926,-0.44057384,-0.40421298,0.1834316,-0.36521286,-0.15880157,0.3561115,-0.43890563,-0.31653333,0.4463347,-0.38610825,-0.38141045,0.4894272,-0.3454621,-0.40095285,0.05271098,-0.32612163,-0.20668143,0.2237421,-0.36829224,-0.36574847,0.2899715,-0.29154527,-0.3753808,0.30725443,-0.23834342,-0.34800637,-0.07114386,-0.26341957,-0.26010978,0.07823688,-0.29075152,-0.37437272,0.14660671,-0.24563666,-0.3703838,0.17227617,-0.21282497,-0.34339398
I,0.0,0.0,0.0,0.26976553,-0.0664385,-0.07895565,0.49223682,-0.19426276,-0.14273484,0.5985595,-0.29622632,-0.21574038,0.6262415,-0.36991292,-0.28241158,0.33901942,-0.41326404,-0.09060749,0.48067835,-0.5114645,-0.24438389,0.569828,-0.47997767,-0.34062734,0.6180189,-0.44036323,-0.3865213,0.1739149,-0.41671434,-0.12950043,0.35169658,-0.4868303,-0.3016244,0.43929112,-0.39733776,-0.37008914,0.46933922,-0.32868153,-0.3839338,0.011413847,-0.38541773,-0.18503419,0.19369407,-0.4301739,-0.35801223,0.28231955,-0.32668167,-0.3692943,0.30827978,-0.25270367,-0.33575565,-0.14468683,-0.32921058,-0.24646579,0.0006426135,-0.37551743,-0.3668491,0.08340641,-0.3337026,-0.3653783,0.11705994,-0.3025355,-0.33628535
J,0.0,0.0,0.0,0.25901383,-0.05362291,-0.09416038,0.4863376,-0.17020285,-0.1650789,0.5974817,-0.26577744,-0.24251258,0.6210121,-0.33502904,-0.31381705,0.36934456,-0.4014112,-0.1105246,0.504805,-0.49729547,-0.26783356,0.5799027,-0.46300936,-0.36704135,0.6138248,-0.4215606,-0.41364005,0.20635644,-0.410179,-0.14362817,0.35958877,-0.49293643,-0.31483176,0.43786937,-0.41636682,-0.38839936,0.46564388,-0.35406747,-0.40760833,0.041443415,-0.3835418,-0.19374499,0.1912829,-0.44119906,-0.36880225,0.27342072,-0.33998135,-0.3894128,0.30153018,-0.2622934,-0.36204466,-0.11975092,-0.3306506,-0.2506613,-0.00093992066,-0.38736027,-0.37527418,0.08210705,-0.35197848,-0.3821164,0.12476633,-0.32194757,-0.35963202
K,0.0,0.0,0.0,0.26267383,-0.070002116,-0.102864705,0.47292444,-0.20236617,-0.17774801,0.55755717,-0.310949,-0.25912058,0.5622284,-0.388457,-0.33402437,0.31183124,-0.4281753,-0.11111318,0.41777086,-0.5559622,-0.26999947,0.49537012,-0.5529057,-0.37051794,0.53897625,-0.53619856,-0.4211811,0.13720292,-0.42943734,-0.14305285,0.2757694,-0.5341861,-0.32184914,0.37669197,-0.4749172,-0.39712283,0.42575508,-0.4247613,-0.41616765,-0.032897897,-0.39401135,-0.19312134,0.11530922,-0.45614645,-0.37863332,0.21155915,-0.35312822,-0.39320052,0.2483562,-0.27560076,-0.35885978,-0.19558293,-0.33101317,-0.25123677,-0.064711496,-0.37588036,-0.38475323,0.028233528,-0.31976616,-0.38559517,0.07207374,-0.27488565,-0.3558009
L,0.0,0.0,0.0,0.25644684,-0.04956278,-0.10216224,0.47766444,-0.16296718,-0.17586909,0.59500414,-0.25401488,-0.2534699,0.6420872,-0.3197299,-0.3258,0.35436475,-0.3856648,-0.11630036,0.47443995,-0.48931313,-0.27117002,0.53962976,-0.47799614,-0.3693576,0.5697272,-0.45700198,-0.4191747,0.18467554,-0.39651358,-0.14458334,0.32956785,-0.47387886,-0.31819624,0.4004539,-0.3934093,-0.38551784,0.42468214,-0.33072075,-0.39875245,0.013719865,-0.37008703,-0.19020185,0.15640707,-0.41409668,-0.36786154,0.22763562,-0.3095931,-0.3771384,0.24892567,-0.23555668,-0.34142047,-0.15229462,-0.31625167,-0.24348892,-0.035494637,-0.34848943,-0.37226877,0.036367808,-0.2923842,-0.3709089,0.06620075,-0.25219354,-0.34039026
M,0.0,0.0,0.0,0.27487198,-0.058685683,-0.09551618,0.504562,-0.1855951,-0.16331191,0.59755397,-0.2923072,-0.23693329,0.5948676,-0.36882296,-0.30406213,0.3690218,-0.41588002,-0.095290124,0.50498855,-0.5242321,-0.25018656,0.5860639,-0.50168514,-0.3498501,0.62658894,-0.46789345,-0.3984223,0.19467689,-0.42580324,-0.12722316,0.35240078,-0.52188957,-0.29473683,0.43376365,-0.447285,-0.36509374,0.46291345,-0.38604072,-0.3813708,0.020614663,-0.3982414,-0.17731425,0.17698541,-0.46315897,-0.35144845,0.2631786,-0.3635292,-0.3661178,0.29145095,-0.29022035,-0.33539757,-0.14936192,-0.34158817,-0.23467644,-0.0058784797,-0.38485745,-0.3621411,0.08342875,-0.32515404,-0.36182716,0.121775486,-0.2778262,-0.3326629
N,0.0,0.0,0.0,0.26348287,-0.06421984,-0.08475594,0.48108461,-0.18526731,-0.15355952,0.5809802,-0.2820766,-0.23019588,0.5911674,-0.35206082,-0.3022937,0.33147654,-0.40225357,-0.09678792,0.4632433,-0.49531797,-0.24973613,0.5551138,-0.4729579,-0.34729275,0.60940844,-0.43855467,-0.39471462,0.16014658,-0.40438676,-0.13408485,0.3201443,-0.4824069,-0.3008817,0.41355333,-0.40762678,-0.37016913,0.4546428,-0.3474541,-0.38715595,-0.0051849154,-0.37040406,-0.18794465,0.16161522,-0.4142615,-0.3606729,0.24893533,-0.31394437,-0.37279713,0.2782273,-0.24180257,-0.34116217,-0.16108851,-0.3094059,-0.24811646,-0.01848354,-0.34740698,-0.37208602,0.06309717,-0.30260378,-0.37161845,0.09812643,-0.26993278,-0.3438397
O,0.0,0.0,0.0,0.26725632,-0.070777066,-0.07990823,0.4822148,-0.19576865,-0.1462333,0.5897281,-0.29070637,-0.22141655,0.62243205,-0.3588668,-0.2917185,0.3336344,-0.41356575,-0.097844705,0.46725088,-0.5198361,-0.24655342,0.56249726,-0.498954,-0.34385636,0.615984,-0.46690848,-0.39399645,0.1713531,-0.41415885,-0.13685957,0.32537493,-0.5035035,-0.29599202,0.41793525,-0.43769386,-0.36494163,0.4541709,-0.3826604,-0.3867186,0.010006865,-0.3786502,-0.1915129,0.16620429,-0.44543272,-0.35374942,0.2637835,-0.36221275,-0.36875895,0.30093828,-0.2995162,-0.344984,-0.14575206,-0.31582928,-0.25246888,0.00032918423,-0.36307383,-0.37311745,0.09842212,-0.3167854,-0.3749433,0.14432502,-0.27836296,-0.35132462
P,0.0,0.0,0.0,0.2519348,-0.0584945,-0.09124979,0.4715973,-0.17472196,-0.16055882,0.5797028,-0.26710087,-0.23598285,0.6070672,-0.332371,-0.30729806,0.34901273,-0.38493654,-0.10759988,0.47862956,-0.48500717,-0.25837308,0.56718457,-0.4764541,-0.35624248,0.6189761,-0.454322,-0.40699115,0.19106825,-0.38837504,-0.14066422,0.34659538,-0.47026736,-0.30835992,0.43543386,-0.40877956,-0.38018334,0.47409973,-0.35537934,-0.39997736,0.03266999,-0.35650668,-0.18950081,0.19167271,-0.4026471,-0.3620315,0.27344805,-0.30828372,-0.37534702,0.30045554,-0.23722361,-0.3445179,-0.12162037,-0.2989766,-0.2453414,0.021324545,-0.32944757,-0.37169772,0.10689351,-0.27349555,-0.37176538,0.14452133,-0.22844557,-0.34359276
Q,0.0,0.0,0.0,0.25610805,-0.045335885,-0.097124256,0.49382815,-0.17030278,-0.16208133,0.6094716,-0.27566534,-0.23152114,0.66082525,-0.3552602,-0.29211128,0.35215622,-0.42844954,-0.08716757,0.4949255,-0.52579576,-0.24001682,0.5783362,-0.4995507,-0.3337327,0.6151996,-0.46516445,-0.37650162,0.18015683,-0.44481674,-0.111828215,0.3692788,-0.49070567,-0.28253704,0.44004387,-0.37597913,-0.33794594,0.44891757,-0.29545337,-0.33758274,0.011329782,-0.41873142,-0.15539002,0.20417286,-0.42657542,-0.33082855,0.25814474,-0.3043735,-0.3237357,0.2495209,-0.23027718,-0.27385744,-0.15354626,-0.36286348,-0.20690334,0.022812199,-0.36509877,-0.3282873,0.0930364,-0.282001,-0.31045175,0.10104897,-0.22923115,-0.26409653
R,0.0,0.0,0.0,0.26036453,-0.05627069,-0.10259649,0.48294654,-0.17753649,-0.17540742,0.58311605,-0.27898282,-0.25313056,0.59245473,-0.35331103,-0.3244742,0.34764475,-0.41102803,-0.10793131,0.46939597,-0.5231549,-0.26274502,0.54679793,-0.50713843,-0.36349013,0.58421826,-0.48165846,-0.41400933,0.17917715,-0.4193745,-0.13830584,0.3195974,-0.52506244,-0.30589733,0.40714228,-0.46873412,-0.3823394,0.44302216,-0.42192015,-0.40578192,0.010145592,-0.39103538,-0.18637785,0.15518878,-0.4620217,-0.3624402,0.24715953,-0.36474824,-0.3833968,0.28044787,-0.29038852,-0.35734627,-0.1550207,-0.33452678,-0.24201447,-0.026257725,-0.38603315,-0.3713936,0.065098286,-0.3356405,-0.37612927,0.10932928,-0.29364145,-0.3515529
S,0.0,0.0,0.0,0.27249867,-0.059155982,-0.108512804,0.50320774,-0.1853222,-0.18591167,0.60559833,-0.29019278,-0.26873446,0.61394143,-0.3679504,-0.34323096,0.3588876,-0.42807397,-0.11027739,0.4857439,-0.54492354,-0.2764802,0.56259054,-0.51479083,-0.37948933,0.59539723,-0.47404942,-0.42756817,0.17261183,-0.4347204,-0.1398047,0.32408163,-0.5368535,-0.32271168,0.40271017,-0.44598138,-0.39431173,0.42481336,-0.37616757,-0.40703082,-0.010306484,-0.40342534,-0.18892688,0.1418578,-0.46998248,-0.37684017,0.22152635,-0.35309783,-0.38475886,0.23896565,-0.27031985,-0.34417233,-0.18816814,-0.343473,-0.24632113,-0.053813238,-0.3911587,-0.3802575,0.032747198,-0.32653642,-0.37545753,0.065523766,-0.27716833,-0.34027678
T,0.0,0.0,0.0,0.26180115,-0.062566556,-0.094565436,0.48412973,-0.19168228,-0.16202042,0.5808814,-0.2981435,-0.23615883,0.595087,-0.37257102,-0.304473,0.35382044,-0.41734058,-0.09684233,0.47993994,-0.53256524,-0.25043818,0.5603594,-0.52209723,-0.34913334,0.6033856,-0.4963005,-0.39766848,0.181963,-0.4236887,-0.12928852,0.33026087,-0.5226565,-0.3003054,0.41143963,-0.45058924,-0.37026995,0.44146305,-0.38833612,-0.38477853,0.011462815,-0.39237216,-0.17945407,0.15965284,-0.45732576,-0.3567082,0.2410333,-0.35566333,-0.36878568,0.2657195,-0.2774262,-0.3336682,-0.15551783,-0.33303523,-0.23682073,-0.025395887,-0.38070822,-0.36373872,0.05715753,-0.32556963,-0.3614405,0.091846205,-0.2797464,-0.32991225
U,0.0,0.0,0.0,0.25692344,-0.042704783,-0.10932405,0.47140843,-0.15361467,-0.18434414,0.5623121,-0.25001723,-0.2615535,0.56695,-0.3252898,-0.33328456,0.3508365,-0.38604096,-0.12333889,0.47502977,-0.5123148,-0.2630714,0.5476985,-0.52724797,-0.34981436,0.58685845,-0.5293299,-0.39598477,0.1799557,-0.40088525,-0.1507543,0.3149993,-0.51768714,-0.30578393,0.4025619,-0.5032327,-0.3792391,0.44959062,-0.49141318,-0.40430757,0.012177308,-0.37516958,-0.19431832,0.1554173,-0.43401656,-0.3709391,0.25007108,-0.35040256,-0.40403756,0.29760092,-0.29120347,-0.38655463,-0.14695667,-0.31999993,-0.24533017,-0.009586114,-0.34557524,-0.384405,0.080473706,-0.2866315,-0.40104333,0.1277506,-0.24289088,-0.384031
V,0.0,0.0,0.0,0.24751617,-0.056534316,-0.1078832,0.4546177,-0.18037328,-0.18271697,0.5441799,-0.28337672,-0.26188278,0.5520963,-0.35807395,-0.3357725,0.30790505,-0.40740934,-0.11590271,0.42653158,-0.5289558,-0.26917687,0.51367646,-0.5299087,-0.3682734,0.5666908,-0.51514083,-0.41854614,0.14229819,-0.4128803,-0.14421938,0.27349827,-0.52801967,-0.31592327,0.36317733,-0.4801317,-0.3938062,0.40813547,-0.43769193,-0.41701955,-0.01907676,-0.38074437,-0.18973581,0.11710453,-0.45563272,-0.37291414,0.21201923,-0.35840246,-0.3957323,0.25449795,-0.28285927,-0.36805657,-0.1750283,-0.32061467,-0.24283595,-0.05857005,-0.37508157,-0.37801927,0.034181267,-0.3265642,-0.38478184,0.085030444,-0.28527883,-0.360318
W,0.0,0.0,0.0,0.24934177,-0.05977168,-0.09691136,0.45501882,-0.18008518,-0.1664432,0.5435928,-0.27779138,-0.24064128,0.55144924,-0.34986,-0.31077033,0.3267701,-0.4058495,-0.104542635,0.44784784,-0.52245754,-0.24867572,0.53581274,-0.52573836,-0.344147,0.58989614,-0.51365817,-0.394641,0.16122812,-0.41202196,-0.13715182,0.28910917,-0.5243693,-0.29232675,0.37227544,-0.48731267,-0.365995,0.4114871,-0.45516768,-0.39103967,-0.0013736081,-0.3795901,-0.18643637,0.12614529,-0.4590296,-0.35310656,0.21594247,-0.39301518,-0.38248602,0.25561604,-0.3434117,-0.36786115,-0.1568423,-0.31789044,-0.2425618,-0.030745627,-0.36742845,-0.37077358,0.06133947,-0.32234564,-0.3809195,0.109363295,-0.2837989,-0.36288843
X,0.0,0.0,0.0,0.21911871,-0.108753406,-0.088296965,0.4105876,-0.26292467,-0.1645114,0.51079905,-0.39394876,-0.24607947,0.52585876,-0.491584,-0.3205962,0.24972525,-0.44458365,-0.12830463,0.4222356,-0.5922287,-0.2915048,0.5427504,-0.5939051,-0.3721281,0.6030392,-0.5749442,-0.4031466,0.10833521,-0.42948335,-0.15970841,0.35528278,-0.5407833,-0.3452557,0.4220497,-0.4324283,-0.37824848,0.39367604,-0.37014866,-0.35933727,-0.018103242,-0.3822971,-0.20632291,0.24105969,-0.43610308,-0.40413505,0.30270043,-0.30130738,-0.36663142,0.26158214,-0.22760364,-0.28939956,-0.1389183,-0.31397843,-0.25731486,0.09130951,-0.35553232,-0.3926904,0.17215267,-0.26891744,-0.35200393,0.15232326,-0.2159585,-0.28481418
Y,0.0,0.0,0.0,0.25828934,-0.055030722,-0.09980202,0.4668541,-0.16457078,-0.18185408,0.5663783,-0.2495594,-0.2688977,0.59674007,-0.30811316,-0.34936088,0.3583536,-0.39488077,-0.14463662,0.50828373,-0.47488898,-0.31714648,0.57321066,-0.42319098,-0.42157143,0.59556043,-0.37153795,-0.47297388,0.18004368,-0.40314466,-0.17906131,0.34457147,-0.4571393,-0.36970794,0.4128665,-0.35030037,-0.43837237,0.4301652,-0.27322665,-0.45261163,0.0031093163,-0.36818084,-0.23075506,0.1553433,-0.3983927,-0.42128867,0.22562928,-0.27951002,-0.43355942,0.2437512,-0.19767535,-0.40001735,-0.16337009,-0.30545148,-0.28937194,-0.051644783,-0.33553818,-0.42789894,0.013694696,-0.28809112,-0.43731207,0.03912656,-0.25730807,-0.4157032
Z,0.0,0.0,0.0,0.28252956,-0.040615365,-0.09107341,0.5294207,-0.14025505,-0.16372015,0.648853,-0.22337204,-0.24647795,0.67568564,-0.29192916,-0.32085967,0.46930662,-0.37721616,-0.0824495,0.6093364,-0.4699295,-0.24592596,0.6805799,-0.4319762,-0.35163462,0.70639586,-0.3836132,-0.401495,0.30289462,-0.39129493,-0.11918431,0.4559044,-0.46863958,-0.29505408,0.5247565,-0.38145885,-0.36566263,0.5390456,-0.31036073,-0.37745643,0.12941961,-0.36800292,-0.17602055,0.28634873,-0.40508187,-0.35063356,0.3524754,-0.29123038,-0.36119652,0.36007047,-0.20994861,-0.3250801,-0.04171365,-0.3163866,-0.24104927,0.1046727,-0.33839184,-0.36289182,0.18369879,-0.27230507,-0.36025932,0.21241687,-0.22188532,-0.32806423
